INSERT INTO DISCOUNT_CODE (DISCOUNT_CODE, RATE) VALUES ('H', 16.00);
INSERT INTO DISCOUNT_CODE (DISCOUNT_CODE, RATE) VALUES ('M', 11.00);
INSERT INTO DISCOUNT_CODE (DISCOUNT_CODE, RATE) VALUES ('L', 7.00);
INSERT INTO DISCOUNT_CODE (DISCOUNT_CODE, RATE) VALUES ('N', 0.00);

INSERT INTO MICRO_MARKET (ZIP_CODE, RADIUS, AREA_LENGTH, AREA_WIDTH) VALUES ('95051', 255.59, 689.856, 478.479);
INSERT INTO MICRO_MARKET (ZIP_CODE, RADIUS, AREA_LENGTH, AREA_WIDTH) VALUES ('94043', 157.869, 385.821, 147.538);
INSERT INTO MICRO_MARKET (ZIP_CODE, RADIUS, AREA_LENGTH, AREA_WIDTH) VALUES ('85638', 758.648, 328.963, 482.164);
INSERT INTO MICRO_MARKET (ZIP_CODE, RADIUS, AREA_LENGTH, AREA_WIDTH) VALUES ('12347', 475.965, 385.849, 146.937);
INSERT INTO MICRO_MARKET (ZIP_CODE, RADIUS, AREA_LENGTH, AREA_WIDTH) VALUES ('94401', 368.386, 285.848, 173.794);
INSERT INTO MICRO_MARKET (ZIP_CODE, RADIUS, AREA_LENGTH, AREA_WIDTH) VALUES ('95035', 683.396, 472.859, 379.757);
INSERT INTO MICRO_MARKET (ZIP_CODE, RADIUS, AREA_LENGTH, AREA_WIDTH) VALUES ('95117', 755.778, 547.967, 468.858);
INSERT INTO MICRO_MARKET (ZIP_CODE, RADIUS, AREA_LENGTH, AREA_WIDTH) VALUES ('48128', 684.675, 475.854, 408.074);
INSERT INTO MICRO_MARKET (ZIP_CODE, RADIUS, AREA_LENGTH, AREA_WIDTH) VALUES ('48124', 753.765, 487.664, 456.632);
INSERT INTO MICRO_MARKET (ZIP_CODE, RADIUS, AREA_LENGTH, AREA_WIDTH) VALUES ('10095', 1987.854, 975.875, 865.681);
INSERT INTO MICRO_MARKET (ZIP_CODE, RADIUS, AREA_LENGTH, AREA_WIDTH) VALUES ('10096', 1876.766, 955.666, 923.556);

INSERT INTO MANUFACTURER (MANUFACTURER_ID, NAME, ADDRESSLINE1, ADDRESSLINE2, CITY, STATE, ZIP, PHONE, FAX, EMAIL, REP) VALUES (19985678, 'Happy End Searching', '5 81st Street', 'Suite 100', 'Mountain View', 'CA', '94043', '650-555-0102', '408-555-0103', 'happysearching@example.com', 'John Snow');
INSERT INTO MANUFACTURER (MANUFACTURER_ID, NAME, ADDRESSLINE1, ADDRESSLINE2, CITY, STATE, ZIP, PHONE, FAX, EMAIL, REP) VALUES (19986982, 'Smith Bird Watching', '4000 Finch Circle', 'Building 14', 'Santa Clara', 'CA', '95051', '650-555-0111', '408-555-0112', 'www.sbw@example.com', 'Brian Washington');
INSERT INTO MANUFACTURER (MANUFACTURER_ID, NAME, ADDRESSLINE1, ADDRESSLINE2, CITY, STATE, ZIP, PHONE, FAX, EMAIL, REP) VALUES (19974892, 'Wilson Fish Co', '20959 Whalers Ave', 'Building 3', 'San Jose', 'OH', '95128', '650-555-0133', '408-555-0133', 'www.wilsonfish@example.com', 'Matthew Williams');
INSERT INTO MANUFACTURER (MANUFACTURER_ID, NAME, ADDRESSLINE1, ADDRESSLINE2, CITY, STATE, ZIP, PHONE, FAX, EMAIL, REP) VALUES (19986196, 'James Deli', '250 Marinade Blvd', 'Suite C', 'Novato', 'IL', '94949', '650-555-0144', '408-555-0145', 'www.jdeli@example.net', 'Phil Jones');
INSERT INTO MANUFACTURER (MANUFACTURER_ID, NAME, ADDRESSLINE1, ADDRESSLINE2, CITY, STATE, ZIP, PHONE, FAX, EMAIL, REP) VALUES (19978451, 'All Sushi', '399 San Pablo Ave', 'Building 600', 'Cleveland', 'CA', '94530', '650-555-0140', '408-555-0143', 'www.allsushi@example.com', 'Teresa Ho');
INSERT INTO MANUFACTURER (MANUFACTURER_ID, NAME, ADDRESSLINE1, ADDRESSLINE2, CITY, STATE, ZIP, PHONE, FAX, EMAIL, REP) VALUES (19982461, 'Soft Cables', '9988 Main Upper Street', 'Suite 100', 'Indianapolis', 'IA', '46290', '650-555-0151', '408-555-0152', 'www.cbales@example.com', 'Henry Adams');
INSERT INTO MANUFACTURER (MANUFACTURER_ID, NAME, ADDRESSLINE1, ADDRESSLINE2, CITY, STATE, ZIP, PHONE, FAX, EMAIL, REP) VALUES (19984899, 'Mike Recording Industries', '5109 Union Street Road', 'Building 8A', 'San Alfred', 'CA', '94123', '415-555-0166', '415-555-0165', 'www.mikerecording@example.com', 'Mike Black');
INSERT INTO MANUFACTURER (MANUFACTURER_ID, NAME, ADDRESSLINE1, ADDRESSLINE2, CITY, STATE, ZIP, PHONE, FAX, EMAIL, REP) VALUES (19965794, 'Easy Reach Telephones', '975 El Camino Circle', 'Suite 4055', 'Santa Clara', 'VA', '95051', '408-555-0167', '408-555-0168', 'www.easyreach@example.com', 'Walter James');
INSERT INTO MANUFACTURER (MANUFACTURER_ID, NAME, ADDRESSLINE1, ADDRESSLINE2, CITY, STATE, ZIP, PHONE, FAX, EMAIL, REP) VALUES (19955656, 'Soft Circle Opticians', '95 Eastway Clearview Drive', 'Building 1', 'Boston', 'MA', '02100', '617-555-0171', '617-555-0172', 'www.softcircle@example.com', 'Alfred Nelson');
INSERT INTO MANUFACTURER (MANUFACTURER_ID, NAME, ADDRESSLINE1, ADDRESSLINE2, CITY, STATE, ZIP, PHONE, FAX, EMAIL, REP) VALUES (19989719, 'Fast Boards', '1000 Van Nuys Lane', 'Suite 904537', 'Van Nuys', 'VT', '91405', '800-555-0173', '800-555-0174', 'www.fboards@example.com', 'Julie Board');
INSERT INTO MANUFACTURER (MANUFACTURER_ID, NAME, ADDRESSLINE1, ADDRESSLINE2, CITY, STATE, ZIP, PHONE, FAX, EMAIL, REP) VALUES (19977775, 'Sams Photo Center', '9447 West 13th Street', 'Suite 25', 'Reading', 'MN', '01867', '617-555-0177', '617-555-0178', 'www.photctr@example.com', 'Laurie Brown');
INSERT INTO MANUFACTURER (MANUFACTURER_ID, NAME, ADDRESSLINE1, ADDRESSLINE2, CITY, STATE, ZIP, PHONE, FAX, EMAIL, REP) VALUES (19948494, 'Computer Support Center', '5632 Michigam Ave', ' ', 'Dearborn', 'RI', '48127', '313-555-0181', '313-555-0182', 'www.comsup.example.net', 'Sam Wright');
INSERT INTO MANUFACTURER (MANUFACTURER_ID, NAME, ADDRESSLINE1, ADDRESSLINE2, CITY, STATE, ZIP, PHONE, FAX, EMAIL, REP) VALUES (19971233, 'Bills Bank and Sons', '5960 Inglewood Pkwy', 'Building C5', 'Pleasantville', 'WI', '94588', '408-555-0183', '408-555-0184', 'www.billbank@example.com', 'Frank Smith');
INSERT INTO MANUFACTURER (MANUFACTURER_ID, NAME, ADDRESSLINE1, ADDRESSLINE2, CITY, STATE, ZIP, PHONE, FAX, EMAIL, REP) VALUES (19980198, 'Pleasant Enterprises', '76342 865th Ave', 'Suite 450', 'New York', 'NY', '10044', '212-555-0184', '212-555-0185', 'www.pleasant@example.com', 'Louis Lewis');
INSERT INTO MANUFACTURER (MANUFACTURER_ID, NAME, ADDRESSLINE1, ADDRESSLINE2, CITY, STATE, ZIP, PHONE, FAX, EMAIL, REP) VALUES (19960022, 'Super Computer Products', '63 Garcia Rock Way', 'Floor 22', 'Albuqerque', 'NM', '87119', '505-555-0193', '505-555-0193', 'www.supercomputer@example.com', 'Tom Cross');
INSERT INTO MANUFACTURER (MANUFACTURER_ID, NAME, ADDRESSLINE1, ADDRESSLINE2, CITY, STATE, ZIP, PHONE, FAX, EMAIL, REP) VALUES (19986542, 'Florenc Bakery', '795 Stone Flour Road', 'Suite 4', 'Tombstone', 'DE', '85638', '602-555-0182', '602-555-0188', 'florenc.example.com', 'Jeff Green');
INSERT INTO MANUFACTURER (MANUFACTURER_ID, NAME, ADDRESSLINE1, ADDRESSLINE2, CITY, STATE, ZIP, PHONE, FAX, EMAIL, REP) VALUES (19977346, 'Upper Cargo Lift Services', '2845 Smith Under Road', 'Suite 7', 'San Mateo', 'GA', '94403', '650-555-0171', '650-555-0172', 'uppercargo.example.com', 'Frank Peters');
INSERT INTO MANUFACTURER (MANUFACTURER_ID, NAME, ADDRESSLINE1, ADDRESSLINE2, CITY, STATE, ZIP, PHONE, FAX, EMAIL, REP) VALUES (19977347, 'Super Savings Pharmacy', '56 Broadway Lane', 'Floor 123', 'Oakland', 'NH', '98123', '510-555-0173', '510-555-0173', 'superpharmace.example.com', 'Tom Brown');
INSERT INTO MANUFACTURER (MANUFACTURER_ID, NAME, ADDRESSLINE1, ADDRESSLINE2, CITY, STATE, ZIP, PHONE, FAX, EMAIL, REP) VALUES (19977348, 'Early Posting Corp', '235 E Market St.', 'Suite 1', 'San David', 'CA', '94567', '415-555-0138', '415-555-0139', 'superposting.example.com', 'John Adams');
INSERT INTO MANUFACTURER (MANUFACTURER_ID, NAME, ADDRESSLINE1, ADDRESSLINE2, CITY, STATE, ZIP, PHONE, FAX, EMAIL, REP) VALUES (19963322, 'Pauls Dairy', '236 Hill Street Lane', 'Suite 6', 'Orlando', 'CA', '94567', '415-555-0140', '415-555-0141', 'paulsdairy.example.com', 'John White');
INSERT INTO MANUFACTURER (MANUFACTURER_ID, NAME, ADDRESSLINE1, ADDRESSLINE2, CITY, STATE, ZIP, PHONE, FAX, EMAIL, REP) VALUES (19963323, 'Joseph Ironworks', '7655 382nd Street', 'Suite 200', 'Mountainside', 'TX', '94043', '408-555-0122', '408-555-0128', 'joseph.ironworks@example.com', 'John Green');
INSERT INTO MANUFACTURER (MANUFACTURER_ID, NAME, ADDRESSLINE1, ADDRESSLINE2, CITY, STATE, ZIP, PHONE, FAX, EMAIL, REP) VALUES (19963324, 'Nails and Screws', '7654 First Avenue', 'Suite 1005', 'Ypsilanti', 'MI', '94043', '302-555-0191', '302-555-0193', 'nails.screws@example.com', 'Fred Stanford');
INSERT INTO MANUFACTURER (MANUFACTURER_ID, NAME, ADDRESSLINE1, ADDRESSLINE2, CITY, STATE, ZIP, PHONE, FAX, EMAIL, REP) VALUES (19963325, 'Main Beauty Hair Salon', '44 Overload Street', 'Building 150', 'Chicago', 'WA', '94043', '211-555-0182', '211-555-0183', 'mainbeauty@example.com', '7 of 9');
INSERT INTO MANUFACTURER (MANUFACTURER_ID, NAME, ADDRESSLINE1, ADDRESSLINE2, CITY, STATE, ZIP, PHONE, FAX, EMAIL, REP) VALUES (19985590, 'Birders United', '4000 Cormorant Circle', 'Building 14', 'Burlington', 'OR', '95051', '206-555-0178', '206-555-0179', 'ann.jones@example.com', 'Ann Jones');
INSERT INTO MANUFACTURER (MANUFACTURER_ID, NAME, ADDRESSLINE1, ADDRESSLINE2, CITY, STATE, ZIP, PHONE, FAX, EMAIL, REP) VALUES (19955564, 'Birders United', '4000 Cormorant Circle', 'Building 15', 'Burlington', 'OR', '95051', '206-555-0179', '206-555-0179', 'phil@example.com', 'Phil Waters');
INSERT INTO MANUFACTURER (MANUFACTURER_ID, NAME, ADDRESSLINE1, ADDRESSLINE2, CITY, STATE, ZIP, PHONE, FAX, EMAIL, REP) VALUES (19955565, 'Birders United', '4000 Cormorant Circle', 'Building 16', 'Burlington', 'OR', '95051', '206-555-0180', '206-555-0179', 'birders@example.com', 'Birders');
INSERT INTO MANUFACTURER (MANUFACTURER_ID, NAME, ADDRESSLINE1, ADDRESSLINE2, CITY, STATE, ZIP, PHONE, FAX, EMAIL, REP) VALUES (19984681, 'Birders United', '4000 Cormorant Circle', 'Building 17', 'Burlington', 'OR', '95051', '206-555-0181', '206-555-0179', 'returnpalace@example.com', 'Nick Phillips');
INSERT INTO MANUFACTURER (MANUFACTURER_ID, NAME, ADDRESSLINE1, ADDRESSLINE2, CITY, STATE, ZIP, PHONE, FAX, EMAIL, REP) VALUES (19984682, 'Birders United', '4000 Cormorant Circle', 'Building 18', 'Burlington', 'OR', '95051', '206-555-0182', '206-555-0179', 'brian@example.com', 'Brian Brown');
INSERT INTO MANUFACTURER (MANUFACTURER_ID, NAME, ADDRESSLINE1, ADDRESSLINE2, CITY, STATE, ZIP, PHONE, FAX, EMAIL, REP) VALUES (19941212, 'Birders United', '4000 Cormorant Circle', 'Building 19', 'Burlington', 'OR', '95051', '206-555-0183', '206-555-0179', 'bill@example.com', 'Bill Snider');
INSERT INTO MANUFACTURER (MANUFACTURER_ID, NAME, ADDRESSLINE1, ADDRESSLINE2, CITY, STATE, ZIP, PHONE, FAX, EMAIL, REP) VALUES (19987296, 'Birders United', '4000 Cormorant Circle', 'Building 20', 'Burlington', 'OR', '95051', '206-555-0184', '206-555-0179', 'gerard@example.com', 'Jerry Young');



INSERT INTO CUSTOMER (CUSTOMER_ID, DISCOUNT_CODE, ZIP, NAME, ADDRESSLINE1, ADDRESSLINE2, CITY, STATE, PHONE, FAX, EMAIL, CREDIT_LIMIT) VALUES (1, 'N', '95117', 'Jumbo Eagle Corp', '111 E. Las Olivas Blvd', 'Suite 51', 'Fort Lauderdale', 'FL', '305-555-0188', '305-555-0189', 'jumboeagle@example.com', 100000);
INSERT INTO CUSTOMER (CUSTOMER_ID, DISCOUNT_CODE, ZIP, NAME, ADDRESSLINE1, ADDRESSLINE2, CITY, STATE, PHONE, FAX, EMAIL, CREDIT_LIMIT) VALUES (2, 'M', '95035', 'New Enterprises', '9754 Main Street', 'P.O. Box 567', 'Miami', 'FL', '305-555-0148', '305-555-0149', 'www.new.example.com', 50000);
INSERT INTO CUSTOMER (CUSTOMER_ID, DISCOUNT_CODE, ZIP, NAME, ADDRESSLINE1, ADDRESSLINE2, CITY, STATE, PHONE, FAX, EMAIL, CREDIT_LIMIT) VALUES (25, 'M', '85638', 'Wren Computers', '8989 Red Albatross Drive', 'Suite 9897', 'Houston', 'TX', '214-555-0133', '214-555-0134', 'www.wrencomp.example.com', 25000);
INSERT INTO CUSTOMER (CUSTOMER_ID, DISCOUNT_CODE, ZIP, NAME, ADDRESSLINE1, ADDRESSLINE2, CITY, STATE, PHONE, FAX, EMAIL, CREDIT_LIMIT) VALUES (3, 'L', '12347', 'Small Bill Company', '8585 South Upper Murray Drive', 'P.O. Box 456', 'Alanta', 'GA', '555-555-0175', '555-555-0176', 'www.smallbill.example.com', 90000);
INSERT INTO CUSTOMER (CUSTOMER_ID, DISCOUNT_CODE, ZIP, NAME, ADDRESSLINE1, ADDRESSLINE2, CITY, STATE, PHONE, FAX, EMAIL, CREDIT_LIMIT) VALUES (36, 'H', '94401', 'Bob Hosting Corp.', '65653 Lake Road', 'Suite 2323', 'San Mateo', 'CA', '650-555-0160', '650-555-0161', 'www.bobhostcorp.example.com', 65000);
INSERT INTO CUSTOMER (CUSTOMER_ID, DISCOUNT_CODE, ZIP, NAME, ADDRESSLINE1, ADDRESSLINE2, CITY, STATE, PHONE, FAX, EMAIL, CREDIT_LIMIT) VALUES (106, 'L', '95035', 'Early CentralComp', '829 E Flex Drive', 'Suite 853', 'San Jose', 'CA', '408-555-0157', '408-555-0150', 'www.centralcomp.example.com', 26500);
INSERT INTO CUSTOMER (CUSTOMER_ID, DISCOUNT_CODE, ZIP, NAME, ADDRESSLINE1, ADDRESSLINE2, CITY, STATE, PHONE, FAX, EMAIL, CREDIT_LIMIT) VALUES (149, 'L', '95117', 'John Valley Computers', '4381 Kelly Valley Ave', 'Suite 77', 'Santa Clara', 'CA', '408-555-0169', '408-555-0167', 'www.johnvalley.example.com', 70000);
INSERT INTO CUSTOMER (CUSTOMER_ID, DISCOUNT_CODE, ZIP, NAME, ADDRESSLINE1, ADDRESSLINE2, CITY, STATE, PHONE, FAX, EMAIL, CREDIT_LIMIT) VALUES (863, 'N', '94401', 'Big Network Systems', '456 444th Street', 'Suite 45', 'Redwood City', 'CA', '650-555-0181', '650-555-0180', 'www.bignet.example.com', 25000);
INSERT INTO CUSTOMER (CUSTOMER_ID, DISCOUNT_CODE, ZIP, NAME, ADDRESSLINE1, ADDRESSLINE2, CITY, STATE, PHONE, FAX, EMAIL, CREDIT_LIMIT) VALUES (777, 'L', '48128', 'West Valley Inc.', '88 Northsouth Drive', 'Building C', 'Dearborn', 'MI', '313-555-0172', '313-555-0171', 'www.westv.example.com', 100000);
INSERT INTO CUSTOMER (CUSTOMER_ID, DISCOUNT_CODE, ZIP, NAME, ADDRESSLINE1, ADDRESSLINE2, CITY, STATE, PHONE, FAX, EMAIL, CREDIT_LIMIT) VALUES (753, 'H', '48128', 'Zed Motor Co', '2267 NE Michigan Ave', 'Building 21', 'Dearborn', 'MI', '313-555-0151', '313-555-0152', 'www.parts@ford.example.com', 5000000);
INSERT INTO CUSTOMER (CUSTOMER_ID, DISCOUNT_CODE, ZIP, NAME, ADDRESSLINE1, ADDRESSLINE2, CITY, STATE, PHONE, FAX, EMAIL, CREDIT_LIMIT) VALUES (722, 'N', '48124', 'Big Car Parts', '52963 Notouter Dr', 'Suite 35', 'Detroit', 'MI', '313-555-0144', '313-555-0145', 'www.bparts.example.com', 50000);
INSERT INTO CUSTOMER (CUSTOMER_ID, DISCOUNT_CODE, ZIP, NAME, ADDRESSLINE1, ADDRESSLINE2, CITY, STATE, PHONE, FAX, EMAIL, CREDIT_LIMIT) VALUES (409, 'L', '10095', 'Old Media Productions', '4400 527th Street', 'Suite 562', 'New York', 'NY', '212-555-0110', '212-555-0111', 'www.oldmedia.example.com', 10000);
INSERT INTO CUSTOMER (CUSTOMER_ID, DISCOUNT_CODE, ZIP, NAME, ADDRESSLINE1, ADDRESSLINE2, CITY, STATE, PHONE, FAX, EMAIL, CREDIT_LIMIT) VALUES (410, 'M', '10096', 'Yankee Computer Repair Ltd', '9653 211th Ave', 'Floor 4', 'New York', 'NY', '212-555-0191', '212-555-0197', 'www.nycompltd@repair.example.com', 25000);
	
INSERT INTO PRODUCT_CODE (PROD_CODE, DISCOUNT_CODE, DESCRIPTION) VALUES ('SW', 'M', 'Software');
INSERT INTO PRODUCT_CODE (PROD_CODE, DISCOUNT_CODE, DESCRIPTION) VALUES ('HW', 'H', 'Hardware');
INSERT INTO PRODUCT_CODE (PROD_CODE, DISCOUNT_CODE, DESCRIPTION) VALUES ('FW', 'L', 'Firmware');
INSERT INTO PRODUCT_CODE (PROD_CODE, DISCOUNT_CODE, DESCRIPTION) VALUES ('BK', 'L', 'Books');
INSERT INTO PRODUCT_CODE (PROD_CODE, DISCOUNT_CODE, DESCRIPTION) VALUES ('CB', 'N', 'Cables');
INSERT INTO PRODUCT_CODE (PROD_CODE, DISCOUNT_CODE, DESCRIPTION) VALUES ('MS', 'N', 'Misc');
	
INSERT INTO PRODUCT (PRODUCT_ID, MANUFACTURER_ID, PRODUCT_CODE, PURCHASE_COST, QUANTITY_ON_HAND, MARKUP, AVAILABLE, DESCRIPTION) VALUES (980001, 19985678, 'SW', 1095.00, 800000, 8.25, TRUE, 'Identity Server');
INSERT INTO PRODUCT (PRODUCT_ID, MANUFACTURER_ID, PRODUCT_CODE, PURCHASE_COST, QUANTITY_ON_HAND, MARKUP, AVAILABLE, DESCRIPTION) VALUES (980005, 19986982, 'SW', 11500.99, 500, 55.25, TRUE, 'Accounting Application');
INSERT INTO PRODUCT (PRODUCT_ID, MANUFACTURER_ID, PRODUCT_CODE, PURCHASE_COST, QUANTITY_ON_HAND, MARKUP, AVAILABLE, DESCRIPTION) VALUES (980025, 19974892, 'HW', 2095.99, 3000, 15.75, TRUE, '1Ghz Sun Blade Computer');
INSERT INTO PRODUCT (PRODUCT_ID, MANUFACTURER_ID, PRODUCT_CODE, PURCHASE_COST, QUANTITY_ON_HAND, MARKUP, AVAILABLE, DESCRIPTION) VALUES (980030, 19986196, 'FW', 59.95, 250, 40.00, TRUE, '10Gb Ram');
INSERT INTO PRODUCT (PRODUCT_ID, MANUFACTURER_ID, PRODUCT_CODE, PURCHASE_COST, QUANTITY_ON_HAND, MARKUP, AVAILABLE, DESCRIPTION) VALUES (980032, 19978451, 'FW', 39.95, 50, 25.50, TRUE, 'Sound Card');
INSERT INTO PRODUCT (PRODUCT_ID, MANUFACTURER_ID, PRODUCT_CODE, PURCHASE_COST, QUANTITY_ON_HAND, MARKUP, AVAILABLE, DESCRIPTION) VALUES (986710, 19982461, 'CB', 15.98, 400, 30.00, TRUE, 'Printer Cable');
INSERT INTO PRODUCT (PRODUCT_ID, MANUFACTURER_ID, PRODUCT_CODE, PURCHASE_COST, QUANTITY_ON_HAND, MARKUP, AVAILABLE, DESCRIPTION) VALUES (985510, 19984899, 'HW', 595.00, 800, 5.75, TRUE, '24 inch Digital Monitor');
INSERT INTO PRODUCT (PRODUCT_ID, MANUFACTURER_ID, PRODUCT_CODE, PURCHASE_COST, QUANTITY_ON_HAND, MARKUP, AVAILABLE, DESCRIPTION) VALUES (988765, 19965794, 'HW', 10.95, 25, 9.75, TRUE, '104-Key Keyboard');
INSERT INTO PRODUCT (PRODUCT_ID, MANUFACTURER_ID, PRODUCT_CODE, PURCHASE_COST, QUANTITY_ON_HAND, MARKUP, AVAILABLE, DESCRIPTION) VALUES (986420, 19955656, 'SW', 49.95, 0, 5.25, FALSE, 'Directory Server');
INSERT INTO PRODUCT (PRODUCT_ID, MANUFACTURER_ID, PRODUCT_CODE, PURCHASE_COST, QUANTITY_ON_HAND, MARKUP, AVAILABLE, DESCRIPTION) VALUES (986712, 19989719, 'HW', 69.95, 1000, 10.50, TRUE, '512X IDE DVD-ROM');
INSERT INTO PRODUCT (PRODUCT_ID, MANUFACTURER_ID, PRODUCT_CODE, PURCHASE_COST, QUANTITY_ON_HAND, MARKUP, AVAILABLE, DESCRIPTION) VALUES (975789, 19977775, 'BK', 29.98, 25, 5.00, TRUE, 'Learn Solaris 10');
INSERT INTO PRODUCT (PRODUCT_ID, MANUFACTURER_ID, PRODUCT_CODE, PURCHASE_COST, QUANTITY_ON_HAND, MARKUP, AVAILABLE, DESCRIPTION) VALUES (971266, 19948494, 'CB', 25.95, 500, 30.00, TRUE, 'Network Cable');
INSERT INTO PRODUCT (PRODUCT_ID, MANUFACTURER_ID, PRODUCT_CODE, PURCHASE_COST, QUANTITY_ON_HAND, MARKUP, AVAILABLE, DESCRIPTION) VALUES (980601, 19971233, 'HW', 2000.95, 2000, 25.00, TRUE, '300Mhz Pentium Computer');
INSERT INTO PRODUCT (PRODUCT_ID, MANUFACTURER_ID, PRODUCT_CODE, PURCHASE_COST, QUANTITY_ON_HAND, MARKUP, AVAILABLE, DESCRIPTION) VALUES (980500, 19980198, 'BK', 29.95, 1000, 33.00, TRUE, 'Learn NetBeans');
INSERT INTO PRODUCT (PRODUCT_ID, MANUFACTURER_ID, PRODUCT_CODE, PURCHASE_COST, QUANTITY_ON_HAND, MARKUP, AVAILABLE, DESCRIPTION) VALUES (980002, 19960022, 'MS', 75.00, 0, 12.00, FALSE, 'Corporate Expense Survey');
INSERT INTO PRODUCT (PRODUCT_ID, MANUFACTURER_ID, PRODUCT_CODE, PURCHASE_COST, QUANTITY_ON_HAND, MARKUP, AVAILABLE, DESCRIPTION) VALUES (980031, 19986542, 'SW', 595.95, 75, 14.00, TRUE, 'Sun Studio C++');
INSERT INTO PRODUCT (PRODUCT_ID, MANUFACTURER_ID, PRODUCT_CODE, PURCHASE_COST, QUANTITY_ON_HAND, MARKUP, AVAILABLE, DESCRIPTION) VALUES (978493, 19977346, 'BK', 19.95, 100, 5.00, TRUE, 'Client Server Testing');
INSERT INTO PRODUCT (PRODUCT_ID, MANUFACTURER_ID, PRODUCT_CODE, PURCHASE_COST, QUANTITY_ON_HAND, MARKUP, AVAILABLE, DESCRIPTION) VALUES (978494, 19977347, 'BK', 18.95, 43, 4.00, TRUE, 'Learn Java in 1/2 hour');
INSERT INTO PRODUCT (PRODUCT_ID, MANUFACTURER_ID, PRODUCT_CODE, PURCHASE_COST, QUANTITY_ON_HAND, MARKUP, AVAILABLE, DESCRIPTION) VALUES (978495, 19977348, 'BK', 24.99, 0, 1.00, FALSE, 'Writing Web Service Applications');
INSERT INTO PRODUCT (PRODUCT_ID, MANUFACTURER_ID, PRODUCT_CODE, PURCHASE_COST, QUANTITY_ON_HAND, MARKUP, AVAILABLE, DESCRIPTION) VALUES (964025, 19963322, 'SW', 209.95, 300, 41.00, TRUE, 'Jax WS Application Development Environment');
INSERT INTO PRODUCT (PRODUCT_ID, MANUFACTURER_ID, PRODUCT_CODE, PURCHASE_COST, QUANTITY_ON_HAND, MARKUP, AVAILABLE, DESCRIPTION) VALUES (964026, 19963323, 'SW', 259.95, 220, 51.00, TRUE, 'Java EE 6 Application Development Environment');
INSERT INTO PRODUCT (PRODUCT_ID, MANUFACTURER_ID, PRODUCT_CODE, PURCHASE_COST, QUANTITY_ON_HAND, MARKUP, AVAILABLE, DESCRIPTION) VALUES (964027, 19963324, 'SW', 269.95, 700, 61.00, TRUE, 'Java Application Development Environment');
INSERT INTO PRODUCT (PRODUCT_ID, MANUFACTURER_ID, PRODUCT_CODE, PURCHASE_COST, QUANTITY_ON_HAND, MARKUP, AVAILABLE, DESCRIPTION) VALUES (964028, 19963325, 'SW', 219.95, 300, 32.00, TRUE, 'NetBeans Development Environment');
INSERT INTO PRODUCT (PRODUCT_ID, MANUFACTURER_ID, PRODUCT_CODE, PURCHASE_COST, QUANTITY_ON_HAND, MARKUP, AVAILABLE, DESCRIPTION) VALUES (980122, 19985590, 'HW', 1400.95, 100, 25.00, TRUE, 'Solaris x86 Computer');
INSERT INTO PRODUCT (PRODUCT_ID, MANUFACTURER_ID, PRODUCT_CODE, PURCHASE_COST, QUANTITY_ON_HAND, MARKUP, AVAILABLE, DESCRIPTION) VALUES (958888, 19955564, 'HW', 799.99, 0, 1.50, FALSE, 'Ultra Spacr 999Mhz Computer');
INSERT INTO PRODUCT (PRODUCT_ID, MANUFACTURER_ID, PRODUCT_CODE, PURCHASE_COST, QUANTITY_ON_HAND, MARKUP, AVAILABLE, DESCRIPTION) VALUES (958889, 19955565, 'HW', 595.95, 0, 1.25, FALSE, '686 7Ghz Computer');
INSERT INTO PRODUCT (PRODUCT_ID, MANUFACTURER_ID, PRODUCT_CODE, PURCHASE_COST, QUANTITY_ON_HAND, MARKUP, AVAILABLE, DESCRIPTION) VALUES (986733, 19984681, 'HW', 69.98, 400, 55.00, TRUE, 'A1 900 watts Speakers');
INSERT INTO PRODUCT (PRODUCT_ID, MANUFACTURER_ID, PRODUCT_CODE, PURCHASE_COST, QUANTITY_ON_HAND, MARKUP, AVAILABLE, DESCRIPTION) VALUES (986734, 19984682, 'HW', 49.95, 200, 65.00, TRUE, 'Mini Computer Speakers');
INSERT INTO PRODUCT (PRODUCT_ID, MANUFACTURER_ID, PRODUCT_CODE, PURCHASE_COST, QUANTITY_ON_HAND, MARKUP, AVAILABLE, DESCRIPTION) VALUES (948933, 19941212, 'MS', 36.95, 50, 75.00, TRUE, 'Computer Tool Kit');
INSERT INTO PRODUCT (PRODUCT_ID, MANUFACTURER_ID, PRODUCT_CODE, PURCHASE_COST, QUANTITY_ON_HAND, MARKUP, AVAILABLE, DESCRIPTION) VALUES (984666, 19987296, 'HW', 199.95, 25, 45.00, TRUE, 'Flat screen Monitor');
	
INSERT INTO PURCHASE_ORDER (ORDER_NUM, CUSTOMER_ID, PRODUCT_ID, QUANTITY, SHIPPING_COST, SALES_DATE, SHIPPING_DATE, FREIGHT_COMPANY) VALUES (10398001, 1, 980001, 10, 449.00, '2011-05-24', '2011-05-24', 'Poney Express');
INSERT INTO PURCHASE_ORDER (ORDER_NUM, CUSTOMER_ID, PRODUCT_ID, QUANTITY, SHIPPING_COST, SALES_DATE, SHIPPING_DATE, FREIGHT_COMPANY) VALUES (10398002, 2, 980005, 8, 359.99, '2011-05-24', '2011-05-24', 'Poney Express');
INSERT INTO PURCHASE_ORDER (ORDER_NUM, CUSTOMER_ID, PRODUCT_ID, QUANTITY, SHIPPING_COST, SALES_DATE, SHIPPING_DATE, FREIGHT_COMPANY) VALUES (10398003, 2, 980025, 25, 275.00, '2011-05-24', '2011-05-24', 'Poney Express');
INSERT INTO PURCHASE_ORDER (ORDER_NUM, CUSTOMER_ID, PRODUCT_ID, QUANTITY, SHIPPING_COST, SALES_DATE, SHIPPING_DATE, FREIGHT_COMPANY) VALUES (10398004, 3, 980030, 10, 275.00, '2011-05-24', '2011-05-24', 'Poney Express');
INSERT INTO PURCHASE_ORDER (ORDER_NUM, CUSTOMER_ID, PRODUCT_ID, QUANTITY, SHIPPING_COST, SALES_DATE, SHIPPING_DATE, FREIGHT_COMPANY) VALUES (10398005, 1, 980032, 100, 459.00, '2011-05-24', '2011-05-24', 'Poney Express');
INSERT INTO PURCHASE_ORDER (ORDER_NUM, CUSTOMER_ID, PRODUCT_ID, QUANTITY, SHIPPING_COST, SALES_DATE, SHIPPING_DATE, FREIGHT_COMPANY) VALUES (10398006, 36, 986710, 60, 55.00, '2011-05-24', '2011-05-24', 'Slow Snail');
INSERT INTO PURCHASE_ORDER (ORDER_NUM, CUSTOMER_ID, PRODUCT_ID, QUANTITY, SHIPPING_COST, SALES_DATE, SHIPPING_DATE, FREIGHT_COMPANY) VALUES (10398007, 36, 985510, 120, 65.00, '2011-05-24', '2011-05-24', 'Slow Snail');
INSERT INTO PURCHASE_ORDER (ORDER_NUM, CUSTOMER_ID, PRODUCT_ID, QUANTITY, SHIPPING_COST, SALES_DATE, SHIPPING_DATE, FREIGHT_COMPANY) VALUES (10398008, 106, 988765, 500, 265.00, '2011-05-24', '2011-05-24', 'Slow Snail');
INSERT INTO PURCHASE_ORDER (ORDER_NUM, CUSTOMER_ID, PRODUCT_ID, QUANTITY, SHIPPING_COST, SALES_DATE, SHIPPING_DATE, FREIGHT_COMPANY) VALUES (10398009, 149, 986420, 1000, 700.00, '2011-05-24', '2011-05-24', 'Western Fast');
INSERT INTO PURCHASE_ORDER (ORDER_NUM, CUSTOMER_ID, PRODUCT_ID, QUANTITY, SHIPPING_COST, SALES_DATE, SHIPPING_DATE, FREIGHT_COMPANY) VALUES (10398010, 863, 986712, 100, 25.00, '2011-05-24', '2011-05-24', 'Slow Snail');
INSERT INTO PURCHASE_ORDER (ORDER_NUM, CUSTOMER_ID, PRODUCT_ID, QUANTITY, SHIPPING_COST, SALES_DATE, SHIPPING_DATE, FREIGHT_COMPANY) VALUES (20198001, 777, 971266, 75, 105.00, '2011-05-24', '2011-05-24', 'We deliver');
INSERT INTO PURCHASE_ORDER (ORDER_NUM, CUSTOMER_ID, PRODUCT_ID, QUANTITY, SHIPPING_COST, SALES_DATE, SHIPPING_DATE, FREIGHT_COMPANY) VALUES (20598100, 753, 980601, 100, 200.99, '2011-05-24', '2011-05-24', 'We deliver');
INSERT INTO PURCHASE_ORDER (ORDER_NUM, CUSTOMER_ID, PRODUCT_ID, QUANTITY, SHIPPING_COST, SALES_DATE, SHIPPING_DATE, FREIGHT_COMPANY) VALUES (20598101, 722, 980500, 250, 2500.00, '2011-05-24', '2011-05-24', 'Coastal Freight');
INSERT INTO PURCHASE_ORDER (ORDER_NUM, CUSTOMER_ID, PRODUCT_ID, QUANTITY, SHIPPING_COST, SALES_DATE, SHIPPING_DATE, FREIGHT_COMPANY) VALUES (30198001, 409, 980001, 50, 2000.99, '2011-05-24', '2011-05-24', 'Southern Delivery Service');
INSERT INTO PURCHASE_ORDER (ORDER_NUM, CUSTOMER_ID, PRODUCT_ID, QUANTITY, SHIPPING_COST, SALES_DATE, SHIPPING_DATE, FREIGHT_COMPANY) VALUES (30298004, 410, 980031, 100, 700.00, '2011-05-24', '2011-05-24', 'FR Express');

